year,qtr,area_code,area_title,annual_avg_estabs_count,annual_avg_emplvl,total_annual_wages,annual_avg_wkly_wage,avg_annual_pay
1990,A,FRD01,Boston -- Federal Reserve District,350860,5761332,145287035872,485,25218
1990,A,FRD02,New York -- Federal Reserve District,680822,11799244,329399211039,537,27917
1990,A,FRD03,Philadelphia -- Federal Reserve District,251457,4960014,118974448939,461,23987
1990,A,FRD04,Cleveland -- Federal Reserve District,340498,6712757,149817014208,429,22318
1990,A,FRD05,Richmond -- Federal Reserve District,528724,10519921,236908168344,433,22520
1990,A,FRD06,Atlanta -- Federal Reserve District,732976,13016697,273521970322,404,21013
1990,A,FRD07,Chicago -- Federal Reserve District,666303,13497064,324927480080,463,24074
1990,A,FRD08,St. Louis -- Federal Reserve District,286106,5004425,100252016442,385,20033
1990,A,FRD09,Minneapolis -- Federal Reserve District,214684,3210215,67534536569,405,21037
1990,A,FRD10,Kansas City -- Federal Reserve District,366510,5681570,118576866612,401,20870
1990,A,FRD11,Dallas -- Federal Reserve District,378127,7408072,165982096424,431,22406
1990,A,FRD12,San Francisco -- Federal Reserve District,1161446,20455172,503590680781,473,24619
1990,A,FRD99,Unknown -- Federal Reserve District,151891,1481005,39746768348,516,26838
1990,A,USDPV,Total U.S.,6110404,109507489,2574518293980,452,23510
1991,A,FRD01,Boston -- Federal Reserve District,344846,5454839,144418889074,509,26475
1991,A,FRD02,New York -- Federal Reserve District,690979,11359232,331919468872,562,29220
1991,A,FRD03,Philadelphia -- Federal Reserve District,263604,4837898,121335082974,482,25080
1991,A,FRD04,Cleveland -- Federal Reserve District,347564,6642514,153201620025,444,23064
1991,A,FRD05,Richmond -- Federal Reserve District,554998,10302096,242676315851,453,23556
1991,A,FRD06,Atlanta -- Federal Reserve District,766283,12914078,283534071945,422,21955
1991,A,FRD07,Chicago -- Federal Reserve District,687801,13387350,335224742003,482,25040
1991,A,FRD08,St. Louis -- Federal Reserve District,296294,4974534,103708468651,401,20848
1991,A,FRD09,Minneapolis -- Federal Reserve District,220193,3241773,70558864917,419,21766
1991,A,FRD10,Kansas City -- Federal Reserve District,380948,5751044,124132012137,415,21584
1991,A,FRD11,Dallas -- Federal Reserve District,411776,7494338,175520135105,450,23420
1991,A,FRD12,San Francisco -- Federal Reserve District,1294166,20015246,516316054142,496,25796
1991,A,FRD99,Unknown -- Federal Reserve District,156733,1349410,38864423662,554,28801
1991,A,USDPV,Total U.S.,6416185,107724351,2641410149358,472,24520
1992,A,FRD01,Boston -- Federal Reserve District,337793,5421113,151431659448,537,27934
1992,A,FRD02,New York -- Federal Reserve District,692668,11192643,351975113037,605,31447
1992,A,FRD03,Philadelphia -- Federal Reserve District,265566,4828458,127900040519,509,26489
1992,A,FRD04,Cleveland -- Federal Reserve District,361294,6689459,163728586225,471,24476
1992,A,FRD05,Richmond -- Federal Reserve District,565440,10396681,256629623964,475,24684
1992,A,FRD06,Atlanta -- Federal Reserve District,786540,13137973,304262591946,445,23159
1992,A,FRD07,Chicago -- Federal Reserve District,706176,13526330,356744417154,507,26374
1992,A,FRD08,St. Louis -- Federal Reserve District,300783,5064954,110926693507,421,21901
1992,A,FRD09,Minneapolis -- Federal Reserve District,224186,3329647,76302228729,441,22916
1992,A,FRD10,Kansas City -- Federal Reserve District,386011,5864781,132338274067,434,22565
1992,A,FRD11,Dallas -- Federal Reserve District,417171,7585236,187251145810,475,24686
1992,A,FRD12,San Francisco -- Federal Reserve District,1362057,19873930,540297362157,523,27186
1992,A,FRD99,Unknown -- Federal Reserve District,159344,1325735,40814958062,592,30787
1992,A,USDPV,Total U.S.,6565031,108236940,2800602694625,498,25875
1993,A,FRD01,Boston -- Federal Reserve District,340506,5511067,156962952729,548,28481
1993,A,FRD02,New York -- Federal Reserve District,697402,11248334,359641862237,615,31973
1993,A,FRD03,Philadelphia -- Federal Reserve District,266146,4875477,131264581748,518,26923
1993,A,FRD04,Cleveland -- Federal Reserve District,374748,6792151,169665121575,480,24980
1993,A,FRD05,Richmond -- Federal Reserve District,582508,10646367,268201921168,484,25192
1993,A,FRD06,Atlanta -- Federal Reserve District,808556,13628524,320214622151,452,23496
1993,A,FRD07,Chicago -- Federal Reserve District,724502,13821462,370728299391,516,26823
1993,A,FRD08,St. Louis -- Federal Reserve District,307148,5209356,115945045783,428,22257
1993,A,FRD09,Minneapolis -- Federal Reserve District,226701,3422911,79954526952,449,23359
1993,A,FRD10,Kansas City -- Federal Reserve District,394680,6024409,139224815553,444,23110
1993,A,FRD11,Dallas -- Federal Reserve District,434144,7804809,196028100652,483,25116
1993,A,FRD12,San Francisco -- Federal Reserve District,1404894,19973727,550837930304,530,27578
1993,A,FRD99,Unknown -- Federal Reserve District,163964,1375122,43272694225,605,31468
1993,A,USDPV,Total U.S.,6725899,110333716,2901942474468,506,26302
1994,A,FRD01,Boston -- Federal Reserve District,349199,5628998,163337533530,558,29017
1994,A,FRD02,New York -- Federal Reserve District,706209,11362948,369467529473,625,32515
1994,A,FRD03,Philadelphia -- Federal Reserve District,266741,4945230,136621624024,531,27627
1994,A,FRD04,Cleveland -- Federal Reserve District,381394,6970216,179416802832,495,25740
1994,A,FRD05,Richmond -- Federal Reserve District,600821,10938186,283698214152,499,25936
1994,A,FRD06,Atlanta -- Federal Reserve District,833418,14142415,340068112860,462,24046
1994,A,FRD07,Chicago -- Federal Reserve District,740038,14240998,395139791354,534,27747
1994,A,FRD08,St. Louis -- Federal Reserve District,314792,5411061,123802813252,440,22880
1994,A,FRD09,Minneapolis -- Federal Reserve District,233852,3546630,85056836651,461,23982
1994,A,FRD10,Kansas City -- Federal Reserve District,405592,6239608,147738656639,455,23678
1994,A,FRD11,Dallas -- Federal Reserve District,444762,8077841,206474317849,492,25561
1994,A,FRD12,San Francisco -- Federal Reserve District,1408995,20486650,573476903714,538,27993
1994,A,FRD99,Unknown -- Federal Reserve District,172958,1460278,46595374247,614,31909
1994,A,USDPV,Total U.S.,6858770,113451059,3050894510577,517,26892
1995,A,FRD01,Boston -- Federal Reserve District,356076,5743192,172725652316,578,30075
1995,A,FRD02,New York -- Federal Reserve District,718685,11457985,388393163389,652,33897
1995,A,FRD03,Philadelphia -- Federal Reserve District,271237,5006307,143231401718,550,28610
1995,A,FRD04,Cleveland -- Federal Reserve District,378377,7141188,188902483259,509,26453
1995,A,FRD05,Richmond -- Federal Reserve District,615186,11176894,297966869641,513,26659
1995,A,FRD06,Atlanta -- Federal Reserve District,853429,14579809,362918329020,479,24892
1995,A,FRD07,Chicago -- Federal Reserve District,761638,14628096,419056067433,551,28647
1995,A,FRD08,St. Louis -- Federal Reserve District,321546,5543158,133222822810,462,24034
1995,A,FRD09,Minneapolis -- Federal Reserve District,238044,3653453,90341175143,476,24728
1995,A,FRD10,Kansas City -- Federal Reserve District,415119,6422542,156966296460,470,24440
1995,A,FRD11,Dallas -- Federal Reserve District,461002,8360203,221425453906,509,26486
1995,A,FRD12,San Francisco -- Federal Reserve District,1497830,21033801,606432575350,554,28831
1995,A,FRD99,Unknown -- Federal Reserve District,190094,1645388,105302677443,1231,63999
1995,A,USDPV,Total U.S.,7078264,116392018,3286884967888,543,28240
1996,A,FRD01,Boston -- Federal Reserve District,360674,5835641,183003043277,603,31360
1996,A,FRD02,New York -- Federal Reserve District,732414,11572859,410828739080,683,35499
1996,A,FRD03,Philadelphia -- Federal Reserve District,275870,5064209,150618733685,572,29742
1996,A,FRD04,Cleveland -- Federal Reserve District,386617,7231252,197981999970,527,27379
1996,A,FRD05,Richmond -- Federal Reserve District,627400,11371872,314174674516,531,27627
1996,A,FRD06,Atlanta -- Federal Reserve District,879600,14972850,386466952595,496,25811
1996,A,FRD07,Chicago -- Federal Reserve District,787218,14852402,441188657304,571,29705
1996,A,FRD08,St. Louis -- Federal Reserve District,328123,5614528,137906165683,472,24562
1996,A,FRD09,Minneapolis -- Federal Reserve District,246482,3738492,97599847121,502,26107
1996,A,FRD10,Kansas City -- Federal Reserve District,423687,6589199,167699678146,489,25451
1996,A,FRD11,Dallas -- Federal Reserve District,469676,8586093,237692989709,532,27683
1996,A,FRD12,San Francisco -- Federal Reserve District,1489492,21686392,648035337595,575,29882
1996,A,FRD99,Unknown -- Federal Reserve District,213178,1714546,58644798797,658,34204
1996,A,USDPV,Total U.S.,7220432,118830334,3431841617478,555,28880
1997,A,FRD01,Boston -- Federal Reserve District,368987,5963818,196439130112,633,32938
1997,A,FRD02,New York -- Federal Reserve District,742921,11752004,442624190655,724,37664
1997,A,FRD03,Philadelphia -- Federal Reserve District,284127,5168359,159923729937,595,30943
1997,A,FRD04,Cleveland -- Federal Reserve District,393947,7359182,210634096155,550,28622
1997,A,FRD05,Richmond -- Federal Reserve District,645319,11684965,339187403197,558,29028
1997,A,FRD06,Atlanta -- Federal Reserve District,908278,15375359,414965964245,519,26989
1997,A,FRD07,Chicago -- Federal Reserve District,802446,15230938,526056815801,664,34539
1997,A,FRD08,St. Louis -- Federal Reserve District,332362,5721558,147982737219,497,25864
1997,A,FRD09,Minneapolis -- Federal Reserve District,253498,3824187,103711257505,522,27120
1997,A,FRD10,Kansas City -- Federal Reserve District,435194,6796178,181019323807,512,26635
1997,A,FRD11,Dallas -- Federal Reserve District,494840,8945143,261226528494,562,29203
1997,A,FRD12,San Francisco -- Federal Reserve District,1488880,22382364,704071850431,605,31457
1997,A,FRD99,Unknown -- Federal Reserve District,247191,1840344,66273537912,693,36011
1997,A,USDPV,Total U.S.,7397989,122044400,3754116565470,592,30760
1998,A,FRD01,Boston -- Federal Reserve District,376297,6084170,210570636481,666,34610
1998,A,FRD02,New York -- Federal Reserve District,752350,11967278,469706698299,755,39249
1998,A,FRD03,Philadelphia -- Federal Reserve District,289733,5261228,170774338326,624,32459
1998,A,FRD04,Cleveland -- Federal Reserve District,397524,7482152,223078146309,573,29815
1998,A,FRD05,Richmond -- Federal Reserve District,663933,11915507,363022447602,586,30466
1998,A,FRD06,Atlanta -- Federal Reserve District,941548,15768725,446543290049,545,28318
1998,A,FRD07,Chicago -- Federal Reserve District,817626,15332150,501624111810,629,32717
1998,A,FRD08,St. Louis -- Federal Reserve District,335606,5812556,156429605910,518,26912
1998,A,FRD09,Minneapolis -- Federal Reserve District,255980,3915542,112099158096,551,28629
1998,A,FRD10,Kansas City -- Federal Reserve District,443845,6997762,196272345387,539,28048
1998,A,FRD11,Dallas -- Federal Reserve District,502395,9284065,287400857047,595,30956
1998,A,FRD12,San Francisco -- Federal Reserve District,1608725,23114553,766638098263,638,33167
1998,A,FRD99,Unknown -- Federal Reserve District,294059,2164111,83155137386,739,38425
1998,A,USDPV,Total U.S.,7679622,125099798,3987314870965,613,31873
1999,A,FRD01,Boston -- Federal Reserve District,382023,6214812,226558185827,701,36455
1999,A,FRD02,New York -- Federal Reserve District,767310,12200942,499304822634,787,40923
1999,A,FRD03,Philadelphia -- Federal Reserve District,295316,5358436,179006271150,642,33406
1999,A,FRD04,Cleveland -- Federal Reserve District,401334,7612643,234522987870,592,30807
1999,A,FRD05,Richmond -- Federal Reserve District,683397,12206681,388041679129,611,31789
1999,A,FRD06,Atlanta -- Federal Reserve District,947108,16070762,471305632020,564,29327
1999,A,FRD07,Chicago -- Federal Reserve District,820745,15574939,527874607614,652,33893
1999,A,FRD08,St. Louis -- Federal Reserve District,339082,5960307,164313068994,530,27568
1999,A,FRD09,Minneapolis -- Federal Reserve District,257331,3996898,119090945469,573,29796
1999,A,FRD10,Kansas City -- Federal Reserve District,450745,7147703,208949611249,562,29233
1999,A,FRD11,Dallas -- Federal Reserve District,507604,9496497,305642527673,619,32185
1999,A,FRD12,San Francisco -- Federal Reserve District,1647931,23793024,833494280221,674,35031
1999,A,FRD99,Unknown -- Federal Reserve District,345550,2370426,112678071952,914,47535
1999,A,USDPV,Total U.S.,7845476,128004069,4270782691802,642,33364
2000,A,FRD01,Boston -- Federal Reserve District,386416,6361245,249888068978,755,39283
2000,A,FRD02,New York -- Federal Reserve District,757372,12438103,543075092809,840,43662
2000,A,FRD03,Philadelphia -- Federal Reserve District,299154,5434582,189252820995,670,34824
2000,A,FRD04,Cleveland -- Federal Reserve District,405078,7690656,244970812349,613,31853
2000,A,FRD05,Richmond -- Federal Reserve District,700234,12502782,418018842094,643,33434
2000,A,FRD06,Atlanta -- Federal Reserve District,958356,16381634,503571963798,591,30740
2000,A,FRD07,Chicago -- Federal Reserve District,829330,15808803,557034104312,678,35236
2000,A,FRD08,St. Louis -- Federal Reserve District,340436,5984978,172652503160,555,28848
2000,A,FRD09,Minneapolis -- Federal Reserve District,263392,4081209,127904902076,603,31340
2000,A,FRD10,Kansas City -- Federal Reserve District,458616,7310802,226733110827,596,31013
2000,A,FRD11,Dallas -- Federal Reserve District,514965,9759738,334152070772,658,34238
2000,A,FRD12,San Francisco -- Federal Reserve District,1623010,24515959,926524239694,727,37793
2000,A,FRD99,Unknown -- Federal Reserve District,421564,2670904,115482600511,831,43237
2000,A,USDPV,Total U.S.,7957924,130941396,4609261132375,677,35201
2001,A,FRD01,Boston -- Federal Reserve District,415655,6477544,261607017941,777,40387
2001,A,FRD02,New York -- Federal Reserve District,814069,12666203,572394992326,869,45191
2001,A,FRD03,Philadelphia -- Federal Reserve District,333572,5570542,201324032469,695,36141
2001,A,FRD04,Cleveland -- Federal Reserve District,429706,7730344,254229419956,632,32887
2001,A,FRD05,Richmond -- Federal Reserve District,752894,12702137,445747132506,675,35092
2001,A,FRD06,Atlanta -- Federal Reserve District,1021446,16988513,540079425437,611,31791
2001,A,FRD07,Chicago -- Federal Reserve District,876717,15963562,577157466294,695,36155
2001,A,FRD08,St. Louis -- Federal Reserve District,361063,6052458,181491854055,577,29986
2001,A,FRD09,Minneapolis -- Federal Reserve District,282099,4153059,135162108224,626,32545
2001,A,FRD10,Kansas City -- Federal Reserve District,482793,7453408,238346479738,615,31978
2001,A,FRD11,Dallas -- Federal Reserve District,532994,9911579,351278943951,682,35441
2001,A,FRD12,San Francisco -- Federal Reserve District,1733914,25010869,957227031856,736,38272
2001,A,FRD99,Unknown -- Federal Reserve District,2578,7829,358484344,881,45789
2001,A,USDPV,Total U.S.,8039498,130688049,4716404389097,694,36089
2002,A,FRD01,Boston -- Federal Reserve District,421572,6380823,259918082203,783,40734
2002,A,FRD02,New York -- Federal Reserve District,810581,12463941,562287552410,868,45113
2002,A,FRD03,Philadelphia -- Federal Reserve District,326848,5545424,205636873549,713,37082
2002,A,FRD04,Cleveland -- Federal Reserve District,427374,7604684,256647280941,649,33749
2002,A,FRD05,Richmond -- Federal Reserve District,770002,12613396,453141253581,691,35925
2002,A,FRD06,Atlanta -- Federal Reserve District,1047275,16876879,550603224305,627,32625
2002,A,FRD07,Chicago -- Federal Reserve District,876805,15685619,578563086895,709,36885
2002,A,FRD08,St. Louis -- Federal Reserve District,363738,5999032,184968036490,593,30833
2002,A,FRD09,Minneapolis -- Federal Reserve District,284909,4130946,137772928001,641,33351
2002,A,FRD10,Kansas City -- Federal Reserve District,489831,7350000,239016475615,625,32519
2002,A,FRD11,Dallas -- Federal Reserve District,537309,9819922,350350661955,686,35678
2002,A,FRD12,San Francisco -- Federal Reserve District,1793348,24789864,956847381770,742,38598
2002,A,FRD99,Unknown -- Federal Reserve District,3374,8987,443304095,949,49327
2002,A,USDPV,Total U.S.,8152967,129269519,4736196141810,705,36638
2003,A,FRD01,Boston -- Federal Reserve District,429615,6305781,264699953751,807,41977
2003,A,FRD02,New York -- Federal Reserve District,820784,12420244,572227644018,886,46072
2003,A,FRD03,Philadelphia -- Federal Reserve District,331048,5545549,212627391569,737,38342
2003,A,FRD04,Cleveland -- Federal Reserve District,430272,7534853,261203078025,667,34666
2003,A,FRD05,Richmond -- Federal Reserve District,762368,12592269,466867371966,713,37076
2003,A,FRD06,Atlanta -- Federal Reserve District,1074510,16942670,569665919475,647,33623
2003,A,FRD07,Chicago -- Federal Reserve District,880438,15525629,588081965126,728,37878
2003,A,FRD08,St. Louis -- Federal Reserve District,364108,5967646,189141250199,610,31694
2003,A,FRD09,Minneapolis -- Federal Reserve District,287932,4130918,142042793203,661,34385
2003,A,FRD10,Kansas City -- Federal Reserve District,495812,7268932,242433573663,641,33352
2003,A,FRD11,Dallas -- Federal Reserve District,542196,9769608,355501017887,700,36388
2003,A,FRD12,San Francisco -- Federal Reserve District,1861560,24849484,984735383269,762,39628
2003,A,FRD99,Unknown -- Federal Reserve District,2818,7307,370689838,976,50731
2003,A,USDPV,Total U.S.,8283461,128860890,4849598031989,724,37634
2004,A,FRD01,Boston -- Federal Reserve District,440849,6332395,279110478432,848,44077
2004,A,FRD02,New York -- Federal Reserve District,830907,12495553,605325868120,932,48443
2004,A,FRD03,Philadelphia -- Federal Reserve District,338214,5592145,223231237623,768,39919
2004,A,FRD04,Cleveland -- Federal Reserve District,427677,7556763,271712881478,691,35956
2004,A,FRD05,Richmond -- Federal Reserve District,774172,12800881,495743325704,745,38727
2004,A,FRD06,Atlanta -- Federal Reserve District,1115978,17299212,605679190413,673,35012
2004,A,FRD07,Chicago -- Federal Reserve District,890518,15577855,611285671144,755,39241
2004,A,FRD08,St. Louis -- Federal Reserve District,367018,6001603,197678334672,633,32938
2004,A,FRD09,Minneapolis -- Federal Reserve District,288207,4181037,150006047054,690,35878
2004,A,FRD10,Kansas City -- Federal Reserve District,500758,7347453,253867437315,664,34552
2004,A,FRD11,Dallas -- Federal Reserve District,552355,9892326,374983008276,729,37906
2004,A,FRD12,San Francisco -- Federal Reserve District,1891610,25277008,1043037175707,794,41264
2004,A,FRD99,Unknown -- Federal Reserve District,2492,11048,512663677,892,46403
2004,A,USDPV,Total U.S.,8420754,130365280,5112173319615,754,39214
2005,A,FRD01,Boston -- Federal Reserve District,445686,6373086,288412721650,870,45255
2005,A,FRD02,New York -- Federal Reserve District,848387,12599331,633613441679,967,50289
2005,A,FRD03,Philadelphia -- Federal Reserve District,345172,5673346,233483732865,791,41155
2005,A,FRD04,Cleveland -- Federal Reserve District,430053,7594858,279892833317,709,36853
2005,A,FRD05,Richmond -- Federal Reserve District,799449,13045783,524691144954,773,40219
2005,A,FRD06,Atlanta -- Federal Reserve District,1165084,17727334,646332836192,701,36460
2005,A,FRD07,Chicago -- Federal Reserve District,906162,15689591,631876522683,774,40274
2005,A,FRD08,St. Louis -- Federal Reserve District,372152,6076931,206022898014,652,33902
2005,A,FRD09,Minneapolis -- Federal Reserve District,295367,4248254,154975397830,702,36480
2005,A,FRD10,Kansas City -- Federal Reserve District,513732,7473966,266888872685,687,35709
2005,A,FRD11,Dallas -- Federal Reserve District,563279,10164281,401668957386,760,39518
2005,A,FRD12,San Francisco -- Federal Reserve District,1946906,25994578,1109417643527,821,42679
2005,A,FRD99,Unknown -- Federal Reserve District,313,2752,113588492,794,41275
2005,A,USDPV,Total U.S.,8631742,132664090,5377390591274,780,40534
2006,A,FRD01,Boston -- Federal Reserve District,441986,6446476,303793927683,906,47126
2006,A,FRD02,New York -- Federal Reserve District,861876,12692823,678140222597,1027,53427
2006,A,FRD03,Philadelphia -- Federal Reserve District,348232,5738863,245675209513,823,42809
2006,A,FRD04,Cleveland -- Federal Reserve District,433293,7616635,290741798255,734,38172
2006,A,FRD05,Richmond -- Federal Reserve District,827204,13295777,557035562532,806,41896
2006,A,FRD06,Atlanta -- Federal Reserve District,1203198,18058074,690003530873,735,38210
2006,A,FRD07,Chicago -- Federal Reserve District,921892,15756172,656898289744,802,41691
2006,A,FRD08,St. Louis -- Federal Reserve District,382020,6158397,216165916749,675,35101
2006,A,FRD09,Minneapolis -- Federal Reserve District,300387,4310245,162766748657,726,37763
2006,A,FRD10,Kansas City -- Federal Reserve District,524843,7648740,287657755981,723,37609
2006,A,FRD11,Dallas -- Federal Reserve District,578432,10513084,439451240068,804,41800
2006,A,FRD12,San Francisco -- Federal Reserve District,2024753,26679201,1190377298193,858,44618
2006,A,FRD99,Unknown -- Federal Reserve District,136,1262,36783530,561,29147
2006,A,USDPV,Total U.S.,8848250,134915750,5718744284375,815,42388
2007,A,FRD01,Boston -- Federal Reserve District,447690,6501195,321441070284,951,49443
2007,A,FRD02,New York -- Federal Reserve District,868857,12823255,729874145398,1095,56918
2007,A,FRD03,Philadelphia -- Federal Reserve District,352350,5764180,256830731816,857,44556
2007,A,FRD04,Cleveland -- Federal Reserve District,438575,7629272,302407272839,762,39638
2007,A,FRD05,Richmond -- Federal Reserve District,840917,13490935,588532190093,839,43624
2007,A,FRD06,Atlanta -- Federal Reserve District,1238871,18214451,721941990817,762,39636
2007,A,FRD07,Chicago -- Federal Reserve District,932511,15787808,681996274115,831,43198
2007,A,FRD08,St. Louis -- Federal Reserve District,390981,6194226,226292318908,703,36533
2007,A,FRD09,Minneapolis -- Federal Reserve District,302658,4350583,172520846265,763,39655
2007,A,FRD10,Kansas City -- Federal Reserve District,536718,7799855,306094615885,755,39244
2007,A,FRD11,Dallas -- Federal Reserve District,611019,10829506,476577266536,846,44007
2007,A,FRD12,San Francisco -- Federal Reserve District,2076496,27043124,1260403121181,896,46607
2007,A,USDPV,Total U.S.,9037642,136428390,6044911844137,852,44308
2008,A,FRD01,Boston -- Federal Reserve District,451412,6503779,329799133604,975,50709
2008,A,FRD02,New York -- Federal Reserve District,872044,12837446,742973313634,1113,57875
2008,A,FRD03,Philadelphia -- Federal Reserve District,354488,5763261,263514109963,879,45723
2008,A,FRD04,Cleveland -- Federal Reserve District,439113,7562699,307071561043,781,40603
2008,A,FRD05,Richmond -- Federal Reserve District,850389,13448940,603195819988,863,44851
2008,A,FRD06,Atlanta -- Federal Reserve District,1267706,17883758,725470804760,780,40566
2008,A,FRD07,Chicago -- Federal Reserve District,944630,15622204,690225182975,850,44182
2008,A,FRD08,St. Louis -- Federal Reserve District,393386,6152949,232472545490,727,37782
2008,A,FRD09,Minneapolis -- Federal Reserve District,305400,4354844,178519301903,788,40993
2008,A,FRD10,Kansas City -- Federal Reserve District,541447,7861958,319014608164,780,40577
2008,A,FRD11,Dallas -- Federal Reserve District,607447,11055934,500713489281,871,45289
2008,A,FRD12,San Francisco -- Federal Reserve District,2116040,26804802,1276466717972,916,47621
2008,A,USDPV,Total U.S.,9143501,135852576,6169436588777,873,45413
2009,A,FRD01,Boston -- Federal Reserve District,448268,6266399,317106816317,973,50604
2009,A,FRD02,New York -- Federal Reserve District,861928,12382245,695041724059,1079,56132
2009,A,FRD03,Philadelphia -- Federal Reserve District,350285,5555024,256151635602,887,46112
2009,A,FRD04,Cleveland -- Federal Reserve District,432689,7190866,293186291322,784,40772
2009,A,FRD05,Richmond -- Federal Reserve District,837560,12902477,588833204334,878,45637
2009,A,FRD06,Atlanta -- Federal Reserve District,1234195,16884694,691005173292,787,40925
2009,A,FRD07,Chicago -- Federal Reserve District,941846,14750502,646926784320,843,43858
2009,A,FRD08,St. Louis -- Federal Reserve District,389308,5887991,223324263619,729,37929
2009,A,FRD09,Minneapolis -- Federal Reserve District,300807,4201091,171604169774,786,40848
2009,A,FRD10,Kansas City -- Federal Reserve District,538063,7563286,308158178818,784,40744
2009,A,FRD11,Dallas -- Federal Reserve District,609890,10735581,483922546628,867,45077
2009,A,FRD12,San Francisco -- Federal Reserve District,2113641,25286040,1210766541811,921,47883
2009,A,USDPV,Total U.S.,9058481,129606197,5886027329896,873,45415
2010,A,FRD01,Boston -- Federal Reserve District,452539,6254181,324415012406,998,51872
2010,A,FRD02,New York -- Federal Reserve District,865009,12327761,718648640672,1121,58295
2010,A,FRD03,Philadelphia -- Federal Reserve District,346580,5519075,258918519100,902,46913
2010,A,FRD04,Cleveland -- Federal Reserve District,428504,7153173,297956870407,801,41654
2010,A,FRD05,Richmond -- Federal Reserve District,835229,12855108,603701541594,903,46962
2010,A,FRD06,Atlanta -- Federal Reserve District,1227794,16731380,698531531255,803,41750
2010,A,FRD07,Chicago -- Federal Reserve District,938115,14677151,657900374276,862,44825
2010,A,FRD08,St. Louis -- Federal Reserve District,389452,5865399,226799617069,744,38667
2010,A,FRD09,Minneapolis -- Federal Reserve District,298476,4196554,176994098389,811,42176
2010,A,FRD10,Kansas City -- Federal Reserve District,535688,7471653,310913160315,800,41612
2010,A,FRD11,Dallas -- Federal Reserve District,617385,10768876,498940524533,891,46332
2010,A,FRD12,San Francisco -- Federal Reserve District,2106640,24946131,1226308513321,945,49158
2010,A,FRD99,Unknown -- Federal Reserve District,4823,28585,2132920396,1435,74617
2010,A,USDPV,Total U.S.,9046233,128795027,6002161323733,896,46602
2011,A,FRD01,Boston -- Federal Reserve District,459951,6316359,337333414267,1027,53406
2011,A,FRD02,New York -- Federal Reserve District,870718,12433536,742318123992,1148,59703
2011,A,FRD03,Philadelphia -- Federal Reserve District,353144,5577323,268866231966,927,48207
2011,A,FRD04,Cleveland -- Federal Reserve District,433096,7252511,311546185183,826,42957
2011,A,FRD05,Richmond -- Federal Reserve District,842578,13018214,625468254398,924,48046
2011,A,FRD06,Atlanta -- Federal Reserve District,1223618,16910276,720949589359,820,42634
2011,A,FRD07,Chicago -- Federal Reserve District,942739,14906615,686728734082,886,46069
2011,A,FRD08,St. Louis -- Federal Reserve District,389682,5915805,233985090116,761,39553
2011,A,FRD09,Minneapolis -- Federal Reserve District,301125,4271543,185706952975,836,43475
2011,A,FRD10,Kansas City -- Federal Reserve District,535482,7540727,322979342951,824,42831
2011,A,FRD11,Dallas -- Federal Reserve District,627354,11013955,529484685171,924,48074
2011,A,FRD12,San Francisco -- Federal Reserve District,2146886,25221479,1278245445416,975,50681
2011,A,USDPV,Total U.S.,9126373,130378344,6243612049876,921,47888
2012,A,FRD01,Boston -- Federal Reserve District,457568,6395867,348604126481,1048,54505
2012,A,FRD02,New York -- Federal Reserve District,873582,12591950,762923441390,1165,60588
2012,A,FRD03,Philadelphia -- Federal Reserve District,346117,5570029,273791955967,945,49154
2012,A,FRD04,Cleveland -- Federal Reserve District,430788,7336117,323705054910,849,44125
2012,A,FRD05,Richmond -- Federal Reserve District,857428,13205026,647057042536,942,49001
2012,A,FRD06,Atlanta -- Federal Reserve District,1244741,17188759,750669211539,840,43672
2012,A,FRD07,Chicago -- Federal Reserve District,950155,15161511,715554904050,908,47195
2012,A,FRD08,St. Louis -- Federal Reserve District,393677,5973193,242440273751,781,40588
2012,A,FRD09,Minneapolis -- Federal Reserve District,305608,4367055,196842455107,867,45074
2012,A,FRD10,Kansas City -- Federal Reserve District,543846,7673246,338501843519,848,44115
2012,A,FRD11,Dallas -- Federal Reserve District,640794,11322540,564573633000,959,49863
2012,A,FRD12,San Francisco -- Federal Reserve District,2118298,25823937,1348150890465,1004,52205
2012,A,FRD99,Unknown -- Federal Reserve District,11245,65314,5252681118,1547,80422
2012,A,USDPV,Total U.S.,9173845,132674545,6518067513833,945,49128
2013,A,FRD01,Boston -- Federal Reserve District,461961,6473630,358343795012,1064,55354
2013,A,FRD02,New York -- Federal Reserve District,881078,12732650,778164330418,1175,61116
2013,A,FRD03,Philadelphia -- Federal Reserve District,349150,5660712,283019338669,961,49997
2013,A,FRD04,Cleveland -- Federal Reserve District,434347,7418411,331704236954,860,44714
2013,A,FRD05,Richmond -- Federal Reserve District,860473,13353089,659196855129,949,49367
2013,A,FRD06,Atlanta -- Federal Reserve District,1269987,17529433,773377274040,848,44119
2013,A,FRD07,Chicago -- Federal Reserve District,959991,15375835,733223140401,917,47687
2013,A,FRD08,St. Louis -- Federal Reserve District,402949,6013932,246653516192,789,41014
2013,A,FRD09,Minneapolis -- Federal Reserve District,304865,4443688,204006144770,883,45909
2013,A,FRD10,Kansas City -- Federal Reserve District,551141,7802216,348117433636,858,44618
2013,A,FRD11,Dallas -- Federal Reserve District,647617,11576649,582718657614,968,50336
2013,A,FRD12,San Francisco -- Federal Reserve District,2127617,26497756,1396062594889,1013,52686
2013,A,FRD99,Unknown -- Federal Reserve District,5918,51849,4337135467,1609,83649
2013,A,USDPV,Total U.S.,9257094,134929852,6698924453191,955,49647
2014,A,FRD01,Boston -- Federal Reserve District,468883,6568104,376542068776,1102,57329
2014,A,FRD02,New York -- Federal Reserve District,893380,12899582,818386999851,1220,63443
2014,A,FRD03,Philadelphia -- Federal Reserve District,356080,5726767,294133678997,988,51361
2014,A,FRD04,Cleveland -- Federal Reserve District,437843,7503331,345254054620,885,46013
2014,A,FRD05,Richmond -- Federal Reserve District,866862,13522632,683391530839,972,50537
2014,A,FRD06,Atlanta -- Federal Reserve District,1292116,17985163,815148948696,872,45323
2014,A,FRD07,Chicago -- Federal Reserve District,973231,15606298,764268042917,942,48972
2014,A,FRD08,St. Louis -- Federal Reserve District,408848,6080464,256145016451,810,42126
2014,A,FRD09,Minneapolis -- Federal Reserve District,307636,4515683,214694223033,914,47544
2014,A,FRD10,Kansas City -- Federal Reserve District,561180,7956949,366395406122,886,46047
2014,A,FRD11,Dallas -- Federal Reserve District,666428,11978910,628608544564,1009,52476
2014,A,FRD12,San Francisco -- Federal Reserve District,2179263,27214693,1480039706892,1046,54384
2014,A,USDPV,Total U.S.,9411750,137558577,7043008221758,985,51200
2015,A,FRD01,Boston -- Federal Reserve District,479343,6666333,395825721156,1142,59377
2015,A,FRD02,New York -- Federal Reserve District,899529,13101502,853028908171,1252,65109
2015,A,FRD03,Philadelphia -- Federal Reserve District,359500,5791305,306079460155,1016,52852
2015,A,FRD04,Cleveland -- Federal Reserve District,440938,7588559,358712729180,909,47270
2015,A,FRD05,Richmond -- Federal Reserve District,895692,13810901,718280621174,1000,52008
2015,A,FRD06,Atlanta -- Federal Reserve District,1312432,18484352,862295485621,897,46650
2015,A,FRD07,Chicago -- Federal Reserve District,970708,15852540,802961495173,974,50652
2015,A,FRD08,St. Louis -- Federal Reserve District,415634,6181002,267307104238,832,43247
2015,A,FRD09,Minneapolis -- Federal Reserve District,306158,4570154,224313551366,944,49082
2015,A,FRD10,Kansas City -- Federal Reserve District,574402,8090721,382165557075,908,47235
2015,A,FRD11,Dallas -- Federal Reserve District,682590,12254482,656027709670,1030,53534
2015,A,FRD12,San Francisco -- Federal Reserve District,2235095,28034674,1584057651233,1087,56504
2015,A,FRD99,Unknown -- Federal Reserve District,39,330,11476709,669,34778
2015,A,USDPV,Total U.S.,9572061,140426856,7411067470921,1015,52775
2016,A,FRD01,Boston -- Federal Reserve District,492686,6758533,406374994475,1156,60128
2016,A,FRD02,New York -- Federal Reserve District,907781,13277958,870109994754,1260,65530
2016,A,FRD03,Philadelphia -- Federal Reserve District,363990,5874907,312648340255,1023,53218
2016,A,FRD04,Cleveland -- Federal Reserve District,443833,7643849,364684296137,918,47710
2016,A,FRD05,Richmond -- Federal Reserve District,913650,14047373,740910672487,1014,52744
2016,A,FRD06,Atlanta -- Federal Reserve District,1346948,18931345,896566046063,911,47359
2016,A,FRD07,Chicago -- Federal Reserve District,972732,16060964,824185804185,987,51316
2016,A,FRD08,St. Louis -- Federal Reserve District,419093,6264565,274801087002,844,43866
2016,A,FRD09,Minneapolis -- Federal Reserve District,308257,4601728,228295598692,954,49611
2016,A,FRD10,Kansas City -- Federal Reserve District,586566,8153276,387528356387,914,47530
2016,A,FRD11,Dallas -- Federal Reserve District,702194,12397679,664271474771,1030,53580
2016,A,FRD12,San Francisco -- Federal Reserve District,2308256,28788877,1662846440820,1111,57760
2016,A,USDPV,Total U.S.,9765986,142801054,7633223106028,1028,53454
2017,A,FRD01,Boston -- Federal Reserve District,502704,6830615,424154557810,1194,62096
2017,A,FRD02,New York -- Federal Reserve District,914770,13410712,909575882084,1304,67825
2017,A,FRD03,Philadelphia -- Federal Reserve District,366431,5947840,324703061345,1050,54592
2017,A,FRD04,Cleveland -- Federal Reserve District,446200,7704288,378887794446,946,49179
2017,A,FRD05,Richmond -- Federal Reserve District,930532,14239221,774197790395,1046,54371
2017,A,FRD06,Atlanta -- Federal Reserve District,1345880,19265916,938451801607,937,48710
2017,A,FRD07,Chicago -- Federal Reserve District,949956,16195682,855315981080,1016,52811
2017,A,FRD08,St. Louis -- Federal Reserve District,424667,6307216,284130089653,866,45048
2017,A,FRD09,Minneapolis -- Federal Reserve District,318138,4648601,238311403855,986,51265
2017,A,FRD10,Kansas City -- Federal Reserve District,596081,8231477,403808690394,943,49057
2017,A,FRD11,Dallas -- Federal Reserve District,720956,12604832,693786373242,1058,55041
2017,A,FRD12,San Francisco -- Federal Reserve District,2367913,29380834,1768517251483,1158,60193
2017,A,FRD99,Unknown -- Federal Reserve District,0,0,8038,,
2017,A,USDPV,Total U.S.,9884231,144767234,7993840685432,1062,55219
2018,A,FRD01,Boston -- Federal Reserve District,509472,6894551,442082327542,1233,64121
2018,A,FRD02,New York -- Federal Reserve District,917985,13577773,949370481806,1345,69921
2018,A,FRD03,Philadelphia -- Federal Reserve District,370143,6019251,337898220692,1080,56136
2018,A,FRD04,Cleveland -- Federal Reserve District,448441,7768790,393510534068,974,50653
2018,A,FRD05,Richmond -- Federal Reserve District,948612,14471652,810621927459,1077,56014
2018,A,FRD06,Atlanta -- Federal Reserve District,1376242,19629588,986353236153,966,50248
2018,A,FRD07,Chicago -- Federal Reserve District,964557,16337111,889659901252,1047,54456
2018,A,FRD08,St. Louis -- Federal Reserve District,424784,6349049,294627318469,892,46405
2018,A,FRD09,Minneapolis -- Federal Reserve District,328136,4692714,248699393246,1019,52997
2018,A,FRD10,Kansas City -- Federal Reserve District,602298,8346816,423571120026,976,50746
2018,A,FRD11,Dallas -- Federal Reserve District,739654,12902402,735271921265,1096,56987
2018,A,FRD12,San Francisco -- Federal Reserve District,2428828,30034945,1883061950009,1206,62696
2018,A,FRD99,Unknown -- Federal Reserve District,206,1665,62781711,725,37707
2018,A,USDPV,Total U.S.,10059358,147026309,8394791113698,1098,57097
2019,A,FRD01,Boston -- Federal Reserve District,517634,6962742,462546702245,1278,66432
2019,A,FRD02,New York -- Federal Reserve District,930932,13725793,988526042022,1385,72020
2019,A,FRD03,Philadelphia -- Federal Reserve District,376512,6092808,353202987642,1115,57970
2019,A,FRD04,Cleveland -- Federal Reserve District,453653,7816812,408015840727,1004,52197
2019,A,FRD05,Richmond -- Federal Reserve District,970930,14662779,846406299954,1110,57725
2019,A,FRD06,Atlanta -- Federal Reserve District,1422102,19981662,1035126568583,996,51804
2019,A,FRD07,Chicago -- Federal Reserve District,988256,16418684,916649697897,1074,55830
2019,A,FRD08,St. Louis -- Federal Reserve District,433615,6382402,305387258133,920,47848
2019,A,FRD09,Minneapolis -- Federal Reserve District,331606,4724330,257789570757,1049,54566
2019,A,FRD10,Kansas City -- Federal Reserve District,612189,8459518,446017842832,1014,52724
2019,A,FRD11,Dallas -- Federal Reserve District,760508,13194723,778720376585,1135,59018
2019,A,FRD12,San Francisco -- Federal Reserve District,2486230,30597472,1997647532215,1256,65288
2019,A,USDPV,Total U.S.,10284168,149019724,8796036719592,1135,59026
2020,A,FRD01,Boston -- Federal Reserve District,524490,6415622,469539567740,1407,73187
2020,A,FRD02,New York -- Federal Reserve District,944148,12447409,983586486547,1520,79019
2020,A,FRD03,Philadelphia -- Federal Reserve District,380674,5656915,355697873899,1209,62878
2020,A,FRD04,Cleveland -- Federal Reserve District,459523,7333117,409557093561,1074,55850
2020,A,FRD05,Richmond -- Federal Reserve District,991646,13915267,866608416350,1198,62278
2020,A,FRD06,Atlanta -- Federal Reserve District,1483202,19020753,1055297893854,1067,55481
2020,A,FRD07,Chicago -- Federal Reserve District,1001642,15283539,916872414982,1154,59991
2020,A,FRD08,St. Louis -- Federal Reserve District,445271,6084438,310560343003,982,51042
2020,A,FRD09,Minneapolis -- Federal Reserve District,339607,4445836,259878235331,1124,58454
2020,A,FRD10,Kansas City -- Federal Reserve District,623418,8059788,453262991667,1082,56238
2020,A,FRD11,Dallas -- Federal Reserve District,783172,12637900,784392448104,1194,62067
2020,A,FRD12,San Francisco -- Federal Reserve District,2560600,28672325,2066927728054,1386,72088
2020,A,USDPV,Total U.S.,10537391,139972908,8932181493092,1227,63814
2021,A,FRD01,Boston -- Federal Reserve District,553643,6656614,510935541258,1476,76756
2021,A,FRD02,New York -- Federal Reserve District,968080,12848918,1066940255938,1597,83037
2021,A,FRD03,Philadelphia -- Federal Reserve District,392099,5870537,383386097599,1256,65307
2021,A,FRD04,Cleveland -- Federal Reserve District,474226,7513787,438597932121,1123,58372
2021,A,FRD05,Richmond -- Federal Reserve District,1034704,14345347,935756812364,1254,65231
2021,A,FRD06,Atlanta -- Federal Reserve District,1586506,19788554,1169593010021,1137,59105
2021,A,FRD07,Chicago -- Federal Reserve District,1029888,15729446,990368107866,1211,62963
2021,A,FRD08,St. Louis -- Federal Reserve District,456472,6238264,334505237028,1031,53622
2021,A,FRD09,Minneapolis -- Federal Reserve District,349484,4571310,278823209666,1173,60994
2021,A,FRD10,Kansas City -- Federal Reserve District,648296,8260076,487093284463,1134,58970
2021,A,FRD11,Dallas -- Federal Reserve District,816140,13099882,853258409462,1253,65135
2021,A,FRD12,San Francisco -- Federal Reserve District,2650939,29768700,2300199637689,1486,77269
2021,A,USDPV,Total U.S.,10960474,144691434,9749457535475,1296,67381
